BARRIO_OJD,MANCODIGO,SECCODIGO,SCANOMBRE,DPTO_CCDGO,MPIO_CCDGO,CLAS_CCDGO,LOC_COD,LOC_NOMBRE,UPZ_COD,UPZ_NOMBRE,SETR_CCDGO,SECR_CCDGO,CPOB_CCDGO,SETU_CCDGO,SECU_CCDGO,MANZ_CCDGO,MANZ_CCNCT,MANZ_CAG,AREA,LENGTH
Juan Jose Rondon I,1336015,1336,JUAN JOSE RONDON I,11,11001,1,5,USME,52,La Flora,0,0,11001000,1328,5,14,1100110000000013280514,175692,1870.475721,0.001839423
Juan Jose Rondon I,1336016,1336,JUAN JOSE RONDON I,11,11001,1,5,USME,52,La Flora,0,0,11001000,1328,5,12,1100110000000013280512,175720,1309.11879,0.001419138
Juan Jose Rondon I,1336017,1336,JUAN JOSE RONDON I,11,11001,1,5,USME,52,La Flora,0,0,11001000,1328,5,11,1100110000000013280511,175733,1309.10732,0.001419056
Juan Jose Rondon I,1336018,1336,JUAN JOSE RONDON I,11,11001,1,5,USME,52,La Flora,0,0,11001000,1328,5,23,1100110000000013280523,175630,2012.304044,0.001949071
Juan Jose Rondon I,1336019,1336,JUAN JOSE RONDON I,11,11001,1,5,USME,52,La Flora,0,0,11001000,1328,5,22,1100110000000013280522,175624,2014.331581,0.001950548
Juan Jose Rondon I,1336020,1336,JUAN JOSE RONDON I,11,11001,1,5,USME,52,La Flora,0,0,11001000,1328,5,27,1100110000000013280527,175597,1443.649493,0.001521164
Juan Jose Rondon I,1336021,1336,JUAN JOSE RONDON I,11,11001,1,5,USME,52,La Flora,0,0,11001000,1328,5,24,1100110000000013280524,175542,575.5294708,0.000866224
Juan Jose Rondon I,1336022,1336,JUAN JOSE RONDON I,11,11001,1,5,USME,52,La Flora,0,0,11001000,1328,5,5,1100110000000013280505,175558,575.5294726,0.000866228
Juan Jose Rondon I,1336023,1336,JUAN JOSE RONDON I,11,11001,1,5,USME,52,La Flora,0,0,11001000,1328,5,4,1100110000000013280504,175580,575.5263516,0.000866242
Juan Jose Rondon I,1336024,1336,JUAN JOSE RONDON I,11,11001,1,5,USME,52,La Flora,0,0,11001000,1328,5,3,1100110000000013280503,175589,575.5626033,0.000866246
Juan Jose Rondon I,1336001,1336,JUAN JOSE RONDON I,11,11001,1,5,USME,52,La Flora,0,0,11001000,1328,5,21,1100110000000013280521,175665,1825.433295,0.001800496
Juan Jose Rondon I,1336005,1336,JUAN JOSE RONDON I,11,11001,1,5,USME,52,La Flora,0,0,11001000,1328,5,6,1100110000000013280506,175588,1448.3674,0.001524407
Juan Jose Rondon I,1336026,1336,JUAN JOSE RONDON I,11,11001,1,5,USME,52,La Flora,0,0,11001000,1328,5,17,1100110000000013280517,175531,3596.506968,0.002372612
Juan Jose Rondon I,1344020,1344,LOS SOCHES,11,11001,1,5,USME,52,La Flora,0,0,11001000,1328,6,8,1100110000000013280608,175652,1294.910705,0.001406866
Juan Jose Rondon I,1344008,1344,LOS SOCHES,11,11001,1,5,USME,52,La Flora,0,0,11001000,1328,6,24,1100110000000013280624,175603,40692.50686,0.011425533
Juan Jose Rondon I,1344006,1344,LOS SOCHES,11,11001,1,5,USME,52,La Flora,0,0,11001000,1328,5,1,1100110000000013280501,175529,1711.802487,0.001715746
Juan Jose Rondon I,1344007,1344,LOS SOCHES,11,11001,1,5,USME,52,La Flora,0,0,11001000,1328,5,25,1100110000000013280525,175504,1745.831869,0.001745683
Juan Jose Rondon I,1344009,1344,LOS SOCHES,11,11001,1,5,USME,52,La Flora,0,0,11001000,1328,6,19,1100110000000013280619,175593,431.6857871,0.000757868
Juan Jose Rondon I,1344013,1344,LOS SOCHES,11,11001,1,5,USME,52,La Flora,0,0,11001000,1328,6,5,1100110000000013280605,175641,1438.786232,0.001514811
Juan Jose Rondon I,1344014,1344,LOS SOCHES,11,11001,1,5,USME,52,La Flora,0,0,11001000,1328,6,15,1100110000000013280615,175674,1438.890623,0.001515015
Juan Jose Rondon I,1344015,1344,LOS SOCHES,11,11001,1,5,USME,52,La Flora,0,0,11001000,1328,6,11,1100110000000013280611,175709,1438.782631,0.001514872
Juan Jose Rondon I,1344018,1344,LOS SOCHES,11,11001,1,5,USME,52,La Flora,0,0,11001000,1328,6,20,1100110000000013280620,175700,863.2823535,0.001083149
Juan Jose Rondon I,1344019,1344,LOS SOCHES,11,11001,1,5,USME,52,La Flora,0,0,11001000,1328,6,21,1100110000000013280621,175689,863.2118537,0.001083159
Juan Jose Rondon I,1344095,1344,LOS SOCHES,11,11001,1,5,USME,52,La Flora,0,0,11001000,1328,6,23,1100110000000013280623,175763,10118.85529,0.00379399
Juan Jose Rondon I,1344042,1344,LOS SOCHES,11,11001,1,5,USME,52,La Flora,0,0,11001000,1328,7,21,1100110000000013280721,175719,376.0786475,0.000832482
Juan Jose Rondon I,1344045,1344,LOS SOCHES,11,11001,1,5,USME,52,La Flora,0,0,11001000,1328,7,13,1100110000000013280713,175799,1213.107589,0.001363333
Juan Jose Rondon I,1344047,1344,LOS SOCHES,11,11001,1,5,USME,52,La Flora,0,0,11001000,1328,7,26,1100110000000013280726,175871,804.5523731,0.001077101
Juan Jose Rondon I,1344053,1344,LOS SOCHES,11,11001,1,5,USME,52,La Flora,0,0,11001000,1328,7,9,1100110000000013280709,175737,2014.397679,0.001947518
Juan Jose Rondon I,1344054,1344,LOS SOCHES,11,11001,1,5,USME,52,La Flora,0,0,11001000,1328,7,6,1100110000000013280706,175706,1884.574153,0.00189339
Juan Jose Rondon I,1344056,1344,LOS SOCHES,11,11001,1,5,USME,52,La Flora,0,0,11001000,1328,7,31,1100110000000013280731,175824,988.5324472,0.0011584
Juan Jose Rondon I,1344059,1344,LOS SOCHES,11,11001,1,5,USME,52,La Flora,0,0,11001000,1328,6,13,1100110000000013280613,175789,1290.632337,0.001402124
Juan Jose Rondon I,1344068,1344,LOS SOCHES,11,11001,1,5,USME,52,La Flora,0,0,11001000,1328,7,7,1100110000000013280707,175738,1733.284883,0.001756541
Juan Jose Rondon I,1344074,1344,LOS SOCHES,11,11001,1,5,USME,52,La Flora,0,0,11001000,1328,7,30,1100110000000013280730,175835,3324.662288,0.002234948
Juan Jose Rondon I,1344026,1344,LOS SOCHES,11,11001,1,5,USME,52,La Flora,0,0,11001000,1328,7,5,1100110000000013280705,175675,1883.710429,0.001893545
Juan Jose Rondon I,1344023,1344,LOS SOCHES,11,11001,1,5,USME,52,La Flora,0,0,11001000,1328,7,4,1100110000000013280704,175628,679.005263,0.00095431
Juan Jose Rondon I,1344024,1344,LOS SOCHES,11,11001,1,5,USME,52,La Flora,0,0,11001000,1328,7,3,1100110000000013280703,175649,439.5940623,0.000812057
Juan Jose Rondon I,1344027,1344,LOS SOCHES,11,11001,1,5,USME,52,La Flora,0,0,11001000,1328,7,10,1100110000000013280710,175705,2014.175875,0.001947385
Juan Jose Rondon I,1344029,1344,LOS SOCHES,11,11001,1,5,USME,52,La Flora,0,0,11001000,1328,7,11,1100110000000013280711,175743,2014.313949,0.001947482
Juan Jose Rondon I,1344030,1344,LOS SOCHES,11,11001,1,5,USME,52,La Flora,0,0,11001000,1328,7,27,1100110000000013280727,175773,2014.145043,0.001947481
Juan Jose Rondon I,0,1344,LOS SOCHES,11,11001,1,5,USME,52,La Flora,0,0,11001000,1328,7,33,1100110000000013280733,175803,2157.352591,0.00170489
Juan Jose Rondon I,1344035,1344,LOS SOCHES,11,11001,1,5,USME,52,La Flora,0,0,11001000,1328,6,12,1100110000000013280612,175735,1294.86504,0.001408461
Juan Jose Rondon I,1344036,1344,LOS SOCHES,11,11001,1,5,USME,52,La Flora,0,0,11001000,1328,6,6,1100110000000013280606,175664,1294.981178,0.001408474
Juan Jose Rondon I,1344040,1344,LOS SOCHES,11,11001,1,5,USME,52,La Flora,0,0,11001000,1328,7,23,1100110000000013280723,175694,732.4187439,0.00104695
Juan Jose Rondon I,1344041,1344,LOS SOCHES,11,11001,1,5,USME,52,La Flora,0,0,11001000,1328,7,22,1100110000000013280722,175711,666.4654109,0.000938536
Juan Jose Rondon I,1344001,1344,LOS SOCHES,11,11001,1,5,USME,52,La Flora,0,0,11001000,1328,5,18,1100110000000013280518,175429,1796.984869,0.001752798
Juan Jose Rondon I,1344002,1344,LOS SOCHES,11,11001,1,5,USME,52,La Flora,0,0,11001000,1328,5,26,1100110000000013280526,175459,1013.85234,0.001195612
Juan Jose Rondon I,1344021,1344,LOS SOCHES,11,11001,1,5,USME,52,La Flora,0,0,11001000,1328,6,4,1100110000000013280604,175616,1295.01035,0.001406928
Juan Jose Rondon I,1344044,1344,LOS SOCHES,11,11001,1,5,USME,52,La Flora,0,0,11001000,1328,7,8,1100110000000013280708,175769,1504.912231,0.00157327
Juan Jose Rondon I,1344046,1344,LOS SOCHES,11,11001,1,5,USME,52,La Flora,0,0,11001000,1328,7,14,1100110000000013280714,175830,882.8563231,0.00112545
Juan Jose Rondon I,1344052,1344,LOS SOCHES,11,11001,1,5,USME,52,La Flora,0,0,11001000,1328,7,12,1100110000000013280712,175775,2014.401887,0.001947472
Juan Jose Rondon I,1344076,1344,LOS SOCHES,11,11001,1,5,USME,52,La Flora,0,0,11001000,1328,7,15,1100110000000013280715,175800,2014.440694,0.001947437
Juan Jose Rondon I,1336014,1336,JUAN JOSE RONDON I,11,11001,1,5,USME,52,La Flora,0,0,11001000,1328,5,13,1100110000000013280513,175723,1870.489615,0.001839321
Juan Jose Rondon I,1344003,1344,LOS SOCHES,11,11001,1,5,USME,52,La Flora,0,0,11001000,1328,5,19,1100110000000013280519,175483,367.171198,0.000709289
Juan Jose Rondon I,1344008,1344,LOS SOCHES,11,11001,1,5,USME,52,La Flora,0,0,11001000,1328,6,1,1100110000000013280601,175511,654.0161501,0.000926376
Juan Jose Rondon I,1336013,1336,JUAN JOSE RONDON I,11,11001,1,5,USME,52,La Flora,0,0,11001000,1328,5,16,1100110000000013280516,175658,1766.591684,0.001869374
Las Violetas,2633012,2633,LAS VIOLETAS,11,11001,1,5,USME,52,La Flora,0,0,11001000,1328,10,3,1100110000000013281003,175596,2536.491022,0.002226005
Las Violetas,2633004,2633,LAS VIOLETAS,11,11001,1,5,USME,52,La Flora,0,0,11001000,1328,10,11,1100110000000013281011,175786,5185.037385,0.003067291
Las Violetas,2633003,2633,LAS VIOLETAS,11,11001,1,5,USME,52,La Flora,0,0,11001000,1328,10,12,1100110000000013281012,175809,5527.287116,0.003244239
Las Violetas,2633005,2633,LAS VIOLETAS,11,11001,1,5,USME,52,La Flora,0,0,11001000,1328,10,10,1100110000000013281010,175777,5283.449853,0.003109705
Las Violetas,2633006,2633,LAS VIOLETAS,11,11001,1,5,USME,52,La Flora,0,0,11001000,1328,10,9,1100110000000013281009,175747,5547.661854,0.003233759
Las Violetas,2633007,2633,LAS VIOLETAS,11,11001,1,5,USME,52,La Flora,0,0,11001000,1328,10,8,1100110000000013281008,175712,6068.008169,0.003485152
Las Violetas,2633008,2633,LAS VIOLETAS,11,11001,1,5,USME,52,La Flora,0,0,11001000,1328,10,7,1100110000000013281007,175681,6804.872224,0.003769597
Las Violetas,2633009,2633,LAS VIOLETAS,11,11001,1,5,USME,52,La Flora,0,0,11001000,1328,10,6,1100110000000013281006,175663,6793.45841,0.003775012
Las Violetas,2633010,2633,LAS VIOLETAS,11,11001,1,5,USME,52,La Flora,0,0,11001000,1328,10,5,1100110000000013281005,175638,6031.52841,0.00347136
Las Violetas,2633011,2633,LAS VIOLETAS,11,11001,1,5,USME,52,La Flora,0,0,11001000,1328,10,16,1100110000000013281016,175635,13098.66053,0.006031482
Los Arrayanes,1336008,1336,JUAN JOSE RONDON I,11,11001,1,5,USME,52,La Flora,0,0,11001000,1328,9,19,1100110000000013280919,175829,1241.886572,0.001425512
Los Arrayanes,1336009,1336,JUAN JOSE RONDON I,11,11001,1,5,USME,52,La Flora,0,0,11001000,1328,9,6,1100110000000013280906,175782,1591.418544,0.001727184
Los Arrayanes,1336004,1336,JUAN JOSE RONDON I,11,11001,1,5,USME,52,La Flora,0,0,11001000,1328,9,9,1100110000000013280909,175793,1470.533611,0.001577174
Los Arrayanes,1336002,1336,JUAN JOSE RONDON I,11,11001,1,5,USME,52,La Flora,0,0,11001000,1328,9,12,1100110000000013280912,175867,1090.694526,0.001360538
Los Arrayanes,1336003,1336,JUAN JOSE RONDON I,11,11001,1,5,USME,52,La Flora,0,0,11001000,1328,9,18,1100110000000013280918,175815,1175.591145,0.001440366
Los Arrayanes,1336006,1336,JUAN JOSE RONDON I,11,11001,1,5,USME,52,La Flora,0,0,11001000,1328,9,4,1100110000000013280904,175770,1660.147593,0.001741702
Los Arrayanes,1336094,1336,JUAN JOSE RONDON I,11,11001,1,5,USME,52,La Flora,0,0,11001000,1328,8,4,1100110000000013280804,175879,421.7635351,0.00073789
Los Arrayanes,1336095,1336,JUAN JOSE RONDON I,11,11001,1,5,USME,52,La Flora,0,0,11001000,1328,8,7,1100110000000013280807,175874,2008.330241,0.002047577
Los Arrayanes,1336099,1336,JUAN JOSE RONDON I,11,11001,1,5,USME,52,La Flora,0,0,11001000,1328,9,5,1100110000000013280905,175797,1718.48878,0.001871258
Los Arrayanes,1336096,1336,JUAN JOSE RONDON I,11,11001,1,5,USME,52,La Flora,0,0,11001000,1328,8,11,1100110000000013280811,175853,1752.599262,0.001874361
Los Arrayanes,1336097,1336,JUAN JOSE RONDON I,11,11001,1,5,USME,52,La Flora,0,0,11001000,1328,8,8,1100110000000013280808,175822,1488.447806,0.001566152
Los Arrayanes,1336082,1336,JUAN JOSE RONDON I,11,11001,1,5,USME,52,La Flora,0,0,11001000,1328,9,7,1100110000000013280907,175846,1455.246512,0.00207436
Los Arrayanes,1336080,1336,JUAN JOSE RONDON I,11,11001,1,5,USME,52,La Flora,0,0,11001000,1328,9,2,1100110000000013280902,175819,1494.21461,0.001619613
Los Arrayanes,1336081,1336,JUAN JOSE RONDON I,11,11001,1,5,USME,52,La Flora,0,0,11001000,1328,9,3,1100110000000013280903,175831,1105.165812,0.001305451
Los Arrayanes,1336083,1336,JUAN JOSE RONDON I,11,11001,1,5,USME,52,La Flora,0,0,11001000,1328,9,8,1100110000000013280908,175858,1907.653266,0.001951987
Los Arrayanes,1336086,1336,JUAN JOSE RONDON I,11,11001,1,5,USME,52,La Flora,0,0,11001000,1328,8,6,1100110000000013280806,175900,1432.725713,0.002293258
Los Arrayanes,1336087,1336,JUAN JOSE RONDON I,11,11001,1,5,USME,52,La Flora,0,0,11001000,1328,8,9,1100110000000013280809,175888,2361.974685,0.002235461
Los Arrayanes,1336088,1336,JUAN JOSE RONDON I,11,11001,1,5,USME,52,La Flora,0,0,11001000,1328,8,10,1100110000000013280810,175893,994.0948405,0.001152729
Los Arrayanes,1336092,1336,JUAN JOSE RONDON I,11,11001,1,5,USME,52,La Flora,0,0,11001000,1328,8,2,1100110000000013280802,175805,1639.800933,0.00216618
Los Arrayanes,1336093,1336,JUAN JOSE RONDON I,11,11001,1,5,USME,52,La Flora,0,0,11001000,1328,8,3,1100110000000013280803,175847,913.8126736,0.001143302
Los Arrayanes,1336084,1336,JUAN JOSE RONDON I,11,11001,1,5,USME,52,La Flora,0,0,11001000,1328,9,11,1100110000000013280911,175870,1739.264665,0.001776317
Los Arrayanes,1336085,1336,JUAN JOSE RONDON I,11,11001,1,5,USME,52,La Flora,0,0,11001000,1328,9,20,1100110000000013280920,175877,2914.349677,0.002420565
Los Arrayanes,1336007,1336,JUAN JOSE RONDON I,11,11001,1,5,USME,52,La Flora,0,0,11001000,1328,9,1,1100110000000013280901,175751,1908.95469,0.001892144
Los Arrayanes,1336098,1336,JUAN JOSE RONDON I,11,11001,1,5,USME,52,La Flora,0,0,11001000,1328,9,17,1100110000000013280917,175749,2174.58024,0.003348938
Los Arrayanes,102412000,102412,TOCAIMITA SUR,11,11001,1,5,USME,52,La Flora,0,0,11001000,1328,8,12,1100110000000013280812,175890,24216.80436,0.00628874
San Pedro,1337001,1337,SAN PEDRO SUR,11,11001,1,5,USME,52,La Flora,0,0,11001000,1330,1,26,1100110000000013300126,174713,2626.128551,0.002607952
San Pedro,1337014,1337,SAN PEDRO SUR,11,11001,1,5,USME,52,La Flora,0,0,11001000,1330,1,3,1100110000000013300103,174789,11107.9234,0.005351702
San Pedro,1337002,1337,SAN PEDRO SUR,11,11001,1,5,USME,52,La Flora,0,0,11001000,1330,1,7,1100110000000013300107,174749,2131.861114,0.002048714
San Pedro,1337003,1337,SAN PEDRO SUR,11,11001,1,5,USME,52,La Flora,0,0,11001000,1330,1,33,1100110000000013300133,174887,2582.808272,0.002687969
San Pedro,1337010,1337,SAN PEDRO SUR,11,11001,1,5,USME,52,La Flora,0,0,11001000,1330,1,27,1100110000000013300127,174797,698.504381,0.000970332
San Pedro,1337016,1337,SAN PEDRO SUR,11,11001,1,5,USME,52,La Flora,0,0,11001000,1330,1,12,1100110000000013300112,174921,15493.65557,0.006521341
San Pedro,1337017,1337,SAN PEDRO SUR,11,11001,1,5,USME,52,La Flora,0,0,11001000,1330,1,25,1100110000000013300125,174979,5527.110594,0.002821305
San Pedro,1337018,1337,SAN PEDRO SUR,11,11001,1,5,USME,52,La Flora,0,0,11001000,1330,1,13,1100110000000013300113,174940,6350.552892,0.003210072
San Pedro,1337019,1337,SAN PEDRO SUR,11,11001,1,5,USME,52,La Flora,0,0,11001000,1330,1,30,1100110000000013300130,174938,1107.237504,0.001367014
San Pedro,1337020,1337,SAN PEDRO SUR,11,11001,1,5,USME,52,La Flora,0,0,11001000,1330,1,29,1100110000000013300129,174920,1637.893229,0.001881006
San Pedro,1337021,1337,SAN PEDRO SUR,11,11001,1,5,USME,52,La Flora,0,0,11001000,1330,1,2,1100110000000013300102,174799,6917.243683,0.004169433
San Pedro,1337023,1337,SAN PEDRO SUR,11,11001,1,5,USME,52,La Flora,0,0,11001000,1330,1,1,1100110000000013300101,174754,14670.00214,0.005461608
San Pedro,1337024,1337,SAN PEDRO SUR,11,11001,1,5,USME,52,La Flora,0,0,11001000,1330,1,14,1100110000000013300114,174926,5084.528474,0.003499104
San Pedro,1337025,1337,SAN PEDRO SUR,11,11001,1,5,USME,52,La Flora,0,0,11001000,1330,1,28,1100110000000013300128,175027,2209.627297,0.001997632
San Pedro,1337026,1337,SAN PEDRO SUR,11,11001,1,5,USME,52,La Flora,0,0,11001000,1330,1,15,1100110000000013300115,174929,11694.31289,0.004261286
San Pedro,1337033,1337,SAN PEDRO SUR,11,11001,1,5,USME,52,La Flora,0,0,11001000,1330,1,32,1100110000000013300132,174883,2001.556641,0.001946908
San Pedro,1337027,1337,SAN PEDRO SUR,11,11001,1,5,USME,52,La Flora,0,0,11001000,1330,1,20,1100110000000013300120,174874,1003.731531,0.001480261
San Pedro,1337030,1337,SAN PEDRO SUR,11,11001,1,5,USME,52,La Flora,0,0,11001000,1330,1,16,1100110000000013300116,174784,2158.484637,0.002055625
San Pedro,1337031,1337,SAN PEDRO SUR,11,11001,1,5,USME,52,La Flora,0,0,11001000,1330,1,8,1100110000000013300108,174816,5978.144465,0.003054264
San Pedro,1337034,1337,SAN PEDRO SUR,11,11001,1,5,USME,52,La Flora,0,0,11001000,1330,1,31,1100110000000013300131,174851,1870.954052,0.001839248
San Pedro,1337035,1337,SAN PEDRO SUR,11,11001,1,5,USME,52,La Flora,0,0,11001000,1330,1,9,1100110000000013300109,174817,1868.465159,0.001839088
San Pedro,1337036,1337,SAN PEDRO SUR,11,11001,1,5,USME,52,La Flora,0,0,11001000,1330,1,6,1100110000000013300106,174756,3818.747756,0.002305568
San Pedro,1337037,1337,SAN PEDRO SUR,11,11001,1,5,USME,52,La Flora,0,0,11001000,1330,1,5,1100110000000013300105,174791,3548.529197,0.002500053
San Pedro,1337038,1337,SAN PEDRO SUR,11,11001,1,5,USME,52,La Flora,0,0,11001000,1330,1,10,1100110000000013300110,174831,6867.204559,0.002960596
San Pedro,1337039,1337,SAN PEDRO SUR,11,11001,1,5,USME,52,La Flora,0,0,11001000,1330,1,11,1100110000000013300111,174889,5098.948912,0.002632834
San Pedro,1337040,1337,SAN PEDRO SUR,11,11001,1,5,USME,52,La Flora,0,0,11001000,1330,1,4,1100110000000013300104,174787,6803.274741,0.003440044
Tihuaque,1340002,1340,TIHUAQUE,11,11001,1,5,USME,52,La Flora,0,0,11001000,1328,12,14,1100110000000013281214,175307,7757.922749,0.004174158
Tihuaque,1340003,1340,TIHUAQUE,11,11001,1,5,USME,52,La Flora,0,0,11001000,1328,12,9,1100110000000013281209,175222,27029.77392,0.010619127
Villa Diana,1335031,1335,VILLA DIANA,11,11001,1,5,USME,52,La Flora,0,0,11001000,1328,4,1,1100110000000013280401,175432,2164.51848,0.002073972
Villa Diana,1335032,1335,VILLA DIANA,11,11001,1,5,USME,52,La Flora,0,0,11001000,1328,4,2,1100110000000013280402,175530,684.6020114,0.000944105
Villa Diana,1335033,1335,VILLA DIANA,11,11001,1,5,USME,52,La Flora,0,0,11001000,1328,2,8,1100110000000013280208,175532,1609.677921,0.001705379
Villa Diana,1335034,1335,VILLA DIANA,11,11001,1,5,USME,52,La Flora,0,0,11001000,1328,2,7,1100110000000013280207,175438,2158.641578,0.002059352
Villa Diana,1335060,1335,VILLA DIANA,11,11001,1,5,USME,52,La Flora,0,0,11001000,1328,1,1,1100110000000013280101,175225,3289.343163,0.003505592
Villa Diana,1335039,1335,VILLA DIANA,11,11001,1,5,USME,52,La Flora,0,0,11001000,1328,2,9,1100110000000013280209,175536,2000.46179,0.001960024
Villa Diana,1335047,1335,VILLA DIANA,11,11001,1,5,USME,52,La Flora,0,0,11001000,1328,2,11,1100110000000013280211,175540,2667.041512,0.002485388
Villa Diana,1335048,1335,VILLA DIANA,11,11001,1,5,USME,52,La Flora,0,0,11001000,1328,2,12,1100110000000013280212,175545,3102.632068,0.002680707
Villa Diana,1335049,1335,VILLA DIANA,11,11001,1,5,USME,52,La Flora,0,0,11001000,1328,2,3,1100110000000013280203,175458,2182.849379,0.002078277
Villa Diana,1335061,1335,VILLA DIANA,11,11001,1,5,USME,52,La Flora,0,0,11001000,1328,2,15,1100110000000013280215,175506,2415.851909,0.002696693
Villa Diana,1335056,1335,VILLA DIANA,11,11001,1,5,USME,52,La Flora,0,0,11001000,1328,2,14,1100110000000013280214,175561,2446.877991,0.002448525
Villa Diana,1335006,1335,VILLA DIANA,11,11001,1,5,USME,52,La Flora,0,0,11001000,1328,4,13,1100110000000013280413,175387,1099.15707,0.001262179
Villa Diana,1335010,1335,VILLA DIANA,11,11001,1,5,USME,52,La Flora,0,0,11001000,1328,4,11,1100110000000013280411,175397,1299.805121,0.001418267
Villa Diana,1335013,1335,VILLA DIANA,11,11001,1,5,USME,52,La Flora,0,0,11001000,1328,4,10,1100110000000013280410,175400,1514.265903,0.001578425
Villa Diana,1335014,1335,VILLA DIANA,11,11001,1,5,USME,52,La Flora,0,0,11001000,1328,4,9,1100110000000013280409,175406,1637.183182,0.00166796
Villa Diana,1335002,1335,VILLA DIANA,11,11001,1,5,USME,52,La Flora,0,0,11001000,1328,4,15,1100110000000013280415,175377,1605.568676,0.001515946
Villa Diana,1335005,1335,VILLA DIANA,11,11001,1,5,USME,52,La Flora,0,0,11001000,1328,4,14,1100110000000013280414,175384,974.243165,0.001178976
Villa Diana,1335009,1335,VILLA DIANA,11,11001,1,5,USME,52,La Flora,0,0,11001000,1328,4,12,1100110000000013280412,175392,1212.853112,0.001367886
Villa Diana,1335046,1335,VILLA DIANA,11,11001,1,5,USME,52,La Flora,0,0,11001000,1328,2,4,1100110000000013280204,175455,2191.106889,0.00207546
Villa Diana,1335057,1335,VILLA DIANA,11,11001,1,5,USME,52,La Flora,0,0,11001000,1328,2,1,1100110000000013280201,175472,2088.830095,0.002034114
Villa Diana,1335017,1335,VILLA DIANA,11,11001,1,5,USME,52,La Flora,0,0,11001000,1328,4,8,1100110000000013280408,175416,1836.986498,0.001840327
Villa Diana,1335018,1335,VILLA DIANA,11,11001,1,5,USME,52,La Flora,0,0,11001000,1328,4,7,1100110000000013280407,175418,2187.766894,0.002120139
Villa Diana,1335027,1335,VILLA DIANA,11,11001,1,5,USME,52,La Flora,0,0,11001000,1328,4,4,1100110000000013280404,175424,2205.086769,0.002095511
Villa Diana,1335038,1335,VILLA DIANA,11,11001,1,5,USME,52,La Flora,0,0,11001000,1328,2,6,1100110000000013280206,175444,2154.0895,0.0020592
Villa Diana,1335040,1335,VILLA DIANA,11,11001,1,5,USME,52,La Flora,0,0,11001000,1328,2,10,1100110000000013280210,175537,2242.47547,0.002124624
Villa Diana,1335041,1335,VILLA DIANA,11,11001,1,5,USME,52,La Flora,0,0,11001000,1328,2,5,1100110000000013280205,175446,2242.344721,0.002112591
Villa Diana,1335054,1335,VILLA DIANA,11,11001,1,5,USME,52,La Flora,0,0,11001000,1328,2,2,1100110000000013280202,175466,2135.958971,0.002046634
Villa Diana,1335055,1335,VILLA DIANA,11,11001,1,5,USME,52,La Flora,0,0,11001000,1328,2,13,1100110000000013280213,175550,3310.33785,0.002992383
Villa Diana,1335026,1335,VILLA DIANA,11,11001,1,5,USME,52,La Flora,0,0,11001000,1328,4,5,1100110000000013280405,175420,2196.314655,0.002088589
Villa Diana,1335026,1335,VILLA DIANA,11,11001,1,5,USME,52,La Flora,0,0,11001000,1328,4,17,1100110000000013280417,179276,1011.980874,0.001320243
Villa Diana,1335001,1335,VILLA DIANA,11,11001,1,5,USME,52,La Flora,0,0,11001000,1328,3,20,1100110000000013280320,175317,1062.021214,0.001193932
Villa Diana,1335003,1335,VILLA DIANA,11,11001,1,5,USME,52,La Flora,0,0,11001000,1328,3,19,1100110000000013280319,175322,875.5199031,0.001083076
Villa Diana,1335004,1335,VILLA DIANA,11,11001,1,5,USME,52,La Flora,0,0,11001000,1328,3,18,1100110000000013280318,175326,918.351527,0.00112603
Villa Diana,1335007,1335,VILLA DIANA,11,11001,1,5,USME,52,La Flora,0,0,11001000,1328,3,16,1100110000000013280316,175328,937.1863469,0.00116382
Villa Diana,1335008,1335,VILLA DIANA,11,11001,1,5,USME,52,La Flora,0,0,11001000,1328,3,21,1100110000000013280321,175330,1101.361941,0.001263745
Villa Diana,1335011,1335,VILLA DIANA,11,11001,1,5,USME,52,La Flora,0,0,11001000,1328,3,15,1100110000000013280315,175335,1169.719311,0.001313511
Villa Diana,1335012,1335,VILLA DIANA,11,11001,1,5,USME,52,La Flora,0,0,11001000,1328,3,14,1100110000000013280314,175338,1281.545157,0.001369452
Villa Diana,1335015,1335,VILLA DIANA,11,11001,1,5,USME,52,La Flora,0,0,11001000,1328,3,13,1100110000000013280313,175343,1461.695107,0.001475146
Villa Diana,1335016,1335,VILLA DIANA,11,11001,1,5,USME,52,La Flora,0,0,11001000,1328,3,12,1100110000000013280312,175344,1465.85061,0.001503811
Villa Diana,1335019,1335,VILLA DIANA,11,11001,1,5,USME,52,La Flora,0,0,11001000,1328,3,11,1100110000000013280311,175351,1423.431406,0.001493922
Villa Diana,1335020,1335,VILLA DIANA,11,11001,1,5,USME,52,La Flora,0,0,11001000,1328,3,1,1100110000000013280301,175302,586.8664543,0.00088916
Villa Diana,1335022,1335,VILLA DIANA,11,11001,1,5,USME,52,La Flora,0,0,11001000,1328,3,23,1100110000000013280323,175251,851.675422,0.001082041
Villa Diana,1335023,1335,VILLA DIANA,11,11001,1,5,USME,52,La Flora,0,0,11001000,1328,3,22,1100110000000013280322,175236,362.1427346,0.000870408
Villa Diana,1335021,1335,VILLA DIANA,11,11001,1,5,USME,52,La Flora,0,0,11001000,1328,3,24,1100110000000013280324,175272,705.4785491,0.000968652
Villa Diana,1335024,1335,VILLA DIANA,11,11001,1,5,USME,52,La Flora,0,0,11001000,1328,3,5,1100110000000013280305,175242,1732.155622,0.001776794
Villa Diana,1335025,1335,VILLA DIANA,11,11001,1,5,USME,52,La Flora,0,0,11001000,1328,3,10,1100110000000013280310,175308,2174.37859,0.002071028
Villa Diana,1335028,1335,VILLA DIANA,11,11001,1,5,USME,52,La Flora,0,0,11001000,1328,3,9,1100110000000013280309,175314,2170.336853,0.002061828
Villa Diana,1335029,1335,VILLA DIANA,11,11001,1,5,USME,52,La Flora,0,0,11001000,1328,1,9,1100110000000013280109,175241,6603.529782,0.004401303
Villa Diana,1335030,1335,VILLA DIANA,11,11001,1,5,USME,52,La Flora,0,0,11001000,1328,3,8,1100110000000013280308,175319,2150.207333,0.00205912
Villa Diana,1335035,1335,VILLA DIANA,11,11001,1,5,USME,52,La Flora,0,0,11001000,1328,1,10,1100110000000013280110,175329,2139.093571,0.002068222
Villa Diana,1335059,1335,VILLA DIANA,11,11001,1,5,USME,52,La Flora,0,0,11001000,1328,1,3,1100110000000013280103,175223,3233.414786,0.002831264
Villa Diana,1335045,1335,VILLA DIANA,11,11001,1,5,USME,52,La Flora,0,0,11001000,1328,1,13,1100110000000013280113,175345,2174.666643,0.002072013
Villa Diana,1335042,1335,VILLA DIANA,11,11001,1,5,USME,52,La Flora,0,0,11001000,1328,1,12,1100110000000013280112,175334,2253.088207,0.002114309
Villa Diana,1335037,1335,VILLA DIANA,11,11001,1,5,USME,52,La Flora,0,0,11001000,1328,1,11,1100110000000013280111,175332,2158.457438,0.002059265
Villa Diana,1335043,1335,VILLA DIANA,11,11001,1,5,USME,52,La Flora,0,0,11001000,1328,1,7,1100110000000013280107,175232,2788.224735,0.002418888
Villa Diana,1335050,1335,VILLA DIANA,11,11001,1,5,USME,52,La Flora,0,0,11001000,1328,1,14,1100110000000013280114,175350,2152.075491,0.002070049
Villa Diana,1335036,1335,VILLA DIANA,11,11001,1,5,USME,52,La Flora,0,0,11001000,1328,1,8,1100110000000013280108,175238,2361.9308,0.002221047
Villa Diana,1335044,1335,VILLA DIANA,11,11001,1,5,USME,52,La Flora,0,0,11001000,1328,1,6,1100110000000013280106,175231,2742.537797,0.00250581
Villa Diana,1335051,1335,VILLA DIANA,11,11001,1,5,USME,52,La Flora,0,0,11001000,1328,1,5,1100110000000013280105,175228,2873.234249,0.002603621
Villa Diana,1335052,1335,VILLA DIANA,11,11001,1,5,USME,52,La Flora,0,0,11001000,1328,1,4,1100110000000013280104,175224,3150.834952,0.002782545
Villa Diana,1335053,1335,VILLA DIANA,11,11001,1,5,USME,52,La Flora,0,0,11001000,1328,1,15,1100110000000013280115,175358,2145.352973,0.002072787
Villa Diana,1335058,1335,VILLA DIANA,11,11001,1,5,USME,52,La Flora,0,0,11001000,1328,1,16,1100110000000013280116,175361,2247.274948,0.002159627
Villa Diana,0,102407,TIBAQUE SUR,11,11001,1,5,USME,52,La Flora,0,0,11001000,1328,1,17,1100110000000013280117,176952,35716.37556,0.006944613
Villa Rosita,1340089,1340,TIHUAQUE,11,11001,1,5,USME,52,La Flora,0,0,11001000,1328,11,1,1100110000000013281101,175503,2878.060586,0.002596726
Villa Rosita,1340070,1340,TIHUAQUE,11,11001,1,5,USME,52,La Flora,0,0,11001000,1328,12,2,1100110000000013281202,175381,3085.049949,0.002628433
Villa Rosita,1340024,1340,TIHUAQUE,11,11001,1,5,USME,52,La Flora,0,0,11001000,1328,12,1,1100110000000013281201,175439,855.8524051,0.001063974
Villa Rosita,1340025,1340,TIHUAQUE,11,11001,1,5,USME,52,La Flora,0,0,11001000,1328,12,15,1100110000000013281215,175428,739.4064794,0.000989948
Villa Rosita,1340026,1340,TIHUAQUE,11,11001,1,5,USME,52,La Flora,0,0,11001000,1328,12,16,1100110000000013281216,175419,693.0218709,0.000955023
Villa Rosita,1340072,1340,TIHUAQUE,11,11001,1,5,USME,52,La Flora,0,0,11001000,1328,12,3,1100110000000013281203,175407,2877.495635,0.0025966
Villa Rosita,1340073,1340,TIHUAQUE,11,11001,1,5,USME,52,La Flora,0,0,11001000,1328,12,17,1100110000000013281217,175462,2033.813573,0.00198078
Villa Rosita,1340074,1340,TIHUAQUE,11,11001,1,5,USME,52,La Flora,0,0,11001000,1328,11,23,1100110000000013281123,175489,2062.508192,0.001983709
Villa Rosita,1340075,1340,TIHUAQUE,11,11001,1,5,USME,52,La Flora,0,0,11001000,1328,11,15,1100110000000013281115,175440,2878.088892,0.002596722
Villa Rosita,1340076,1340,TIHUAQUE,11,11001,1,5,USME,52,La Flora,0,0,11001000,1328,11,16,1100110000000013281116,175409,1726.826393,0.001731311
Villa Rosita,1340077,1340,TIHUAQUE,11,11001,1,5,USME,52,La Flora,0,0,11001000,1328,11,17,1100110000000013281117,175378,2153.430472,0.002052032
Villa Rosita,1340078,1340,TIHUAQUE,11,11001,1,5,USME,52,La Flora,0,0,11001000,1328,11,18,1100110000000013281118,175349,2100.484134,0.001891066
Villa Rosita,1340079,1340,TIHUAQUE,11,11001,1,5,USME,52,La Flora,0,0,11001000,1328,11,19,1100110000000013281119,175305,2006.934209,0.00202413
Villa Rosita,1340080,1340,TIHUAQUE,11,11001,1,5,USME,52,La Flora,0,0,11001000,1328,11,20,1100110000000013281120,175279,1769.484358,0.001990594
Villa Rosita,1340071,1340,TIHUAQUE,11,11001,1,5,USME,52,La Flora,0,0,11001000,1328,12,4,1100110000000013281204,175282,15739.28517,0.005630917
Villa Rosita,1340081,1340,TIHUAQUE,11,11001,1,5,USME,52,La Flora,0,0,11001000,1328,11,8,1100110000000013281108,175300,2158.210386,0.002055638
Villa Rosita,1340082,1340,TIHUAQUE,11,11001,1,5,USME,52,La Flora,0,0,11001000,1328,11,9,1100110000000013281109,175348,2158.208388,0.002055625
Villa Rosita,1340083,1340,TIHUAQUE,11,11001,1,5,USME,52,La Flora,0,0,11001000,1328,11,10,1100110000000013281110,175383,1966.395337,0.00191149
Villa Rosita,1340084,1340,TIHUAQUE,11,11001,1,5,USME,52,La Flora,0,0,11001000,1328,11,11,1100110000000013281111,175411,2153.730363,0.002052333
Villa Rosita,1340085,1340,TIHUAQUE,11,11001,1,5,USME,52,La Flora,0,0,11001000,1328,11,12,1100110000000013281112,175448,1726.639424,0.00173134
Villa Rosita,1340086,1340,TIHUAQUE,11,11001,1,5,USME,52,La Flora,0,0,11001000,1328,11,13,1100110000000013281113,175479,2878.022914,0.002596711
Villa Rosita,1340088,1340,TIHUAQUE,11,11001,1,5,USME,52,La Flora,0,0,11001000,1328,11,21,1100110000000013281121,175541,2341.350746,0.002206017
Villa Rosita,1340090,1340,TIHUAQUE,11,11001,1,5,USME,52,La Flora,0,0,11001000,1328,11,3,1100110000000013281103,175481,1726.613668,0.001731258
Villa Rosita,1340091,1340,TIHUAQUE,11,11001,1,5,USME,52,La Flora,0,0,11001000,1328,11,4,1100110000000013281104,175445,2158.232477,0.002055631
Villa Rosita,1340092,1340,TIHUAQUE,11,11001,1,5,USME,52,La Flora,0,0,11001000,1328,11,5,1100110000000013281105,175410,1966.43281,0.001911477
Villa Rosita,1340093,1340,TIHUAQUE,11,11001,1,5,USME,52,La Flora,0,0,11001000,1328,11,6,1100110000000013281106,175376,2152.24186,0.002051133
Villa Rosita,1340094,1340,TIHUAQUE,11,11001,1,5,USME,52,La Flora,0,0,11001000,1328,11,7,1100110000000013281107,175341,2158.235446,0.002055656
Villa Rosita,1340095,1340,TIHUAQUE,11,11001,1,5,USME,52,La Flora,0,0,11001000,1328,10,18,1100110000000013281018,175286,8485.573312,0.012393549
Villa Rosita,1340087,1340,TIHUAQUE,11,11001,1,5,USME,52,La Flora,0,0,11001000,1328,11,22,1100110000000013281122,175518,2361.983317,0.002218954
Villa Rosita,1340005,1340,TIHUAQUE,11,11001,1,5,USME,52,La Flora,0,0,11001000,1328,12,5,1100110000000013281205,175244,8236.445823,0.005200109
Resto UPZ (Urbano),1348010,1348,LA CABANA,11,11001,1,5,USME,52,La Flora,0,0,11001000,1329,2,5,1100110000000013290205,174397,2556.791505,0.001857686
Resto UPZ (Urbano),1348030,1348,LA CABANA,11,11001,1,5,USME,52,La Flora,0,0,11001000,1329,2,4,1100110000000013290204,174352,4846.895465,0.002518523
Resto UPZ (Urbano),1348033,1348,LA CABANA,11,11001,1,5,USME,52,La Flora,0,0,11001000,1329,2,3,1100110000000013290203,174357,4662.784087,0.002517142
Resto UPZ (Urbano),1348027,1348,LA CABANA,11,11001,1,5,USME,52,La Flora,0,0,11001000,1329,2,8,1100110000000013290208,174330,4894.445991,0.002556291
Resto UPZ (Urbano),1347007,1347,JUAN REY SUR,11,11001,1,5,USME,52,La Flora,0,0,11001000,1329,6,7,1100110000000013290607,174159,679.3094486,0.000959365
Resto UPZ (Urbano),1347006,1347,JUAN REY SUR,11,11001,1,5,USME,52,La Flora,0,0,11001000,1329,3,29,1100110000000013290329,174189,1262.211772,0.001426144
Resto UPZ (Urbano),1347008,1347,JUAN REY SUR,11,11001,1,5,USME,52,La Flora,0,0,11001000,1329,6,13,1100110000000013290613,174068,418.4487491,0.000821531
Resto UPZ (Urbano),1347052,1347,JUAN REY SUR,11,11001,1,5,USME,52,La Flora,0,0,11001000,1329,3,7,1100110000000013290307,174178,1880.841506,0.001911015
Resto UPZ (Urbano),1347051,1347,JUAN REY SUR,11,11001,1,5,USME,52,La Flora,0,0,11001000,1329,3,8,1100110000000013290308,174192,2677.272507,0.002050271
Resto UPZ (Urbano),1347053,1347,JUAN REY SUR,11,11001,1,5,USME,52,La Flora,0,0,11001000,1329,3,6,1100110000000013290306,174161,1988.762591,0.001873196
Resto UPZ (Urbano),1347054,1347,JUAN REY SUR,11,11001,1,5,USME,52,La Flora,0,0,11001000,1329,3,5,1100110000000013290305,174142,1563.530666,0.001632736
Resto UPZ (Urbano),1347055,1347,JUAN REY SUR,11,11001,1,5,USME,52,La Flora,0,0,11001000,1329,3,4,1100110000000013290304,174115,1332.465854,0.001392844
Resto UPZ (Urbano),1347056,1347,JUAN REY SUR,11,11001,1,5,USME,52,La Flora,0,0,11001000,1329,3,27,1100110000000013290327,174079,2156.127642,0.001870204
Resto UPZ (Urbano),1347057,1347,JUAN REY SUR,11,11001,1,5,USME,52,La Flora,0,0,11001000,1329,3,23,1100110000000013290323,174087,3397.338902,0.002485541
Resto UPZ (Urbano),1347058,1347,JUAN REY SUR,11,11001,1,5,USME,52,La Flora,0,0,11001000,1329,3,33,1100110000000013290333,174126,1741.479238,0.001839415
Resto UPZ (Urbano),1347059,1347,JUAN REY SUR,11,11001,1,5,USME,52,La Flora,0,0,11001000,1329,3,22,1100110000000013290322,174145,1656.823436,0.001713401
Resto UPZ (Urbano),1347060,1347,JUAN REY SUR,11,11001,1,5,USME,52,La Flora,0,0,11001000,1329,3,21,1100110000000013290321,174162,1485.078425,0.001583865
Resto UPZ (Urbano),1347061,1347,JUAN REY SUR,11,11001,1,5,USME,52,La Flora,0,0,11001000,1329,3,20,1100110000000013290320,174173,1598.357601,0.001682593
Resto UPZ (Urbano),1347062,1347,JUAN REY SUR,11,11001,1,5,USME,52,La Flora,0,0,11001000,1329,3,19,1100110000000013290319,174190,2249.820221,0.001820016
Resto UPZ (Urbano),1347063,1347,JUAN REY SUR,11,11001,1,5,USME,52,La Flora,0,0,11001000,1329,3,18,1100110000000013290318,174220,2204.107322,0.001727923
Resto UPZ (Urbano),1347064,1347,JUAN REY SUR,11,11001,1,5,USME,52,La Flora,0,0,11001000,1329,3,16,1100110000000013290316,174222,7781.019126,0.003616049
Resto UPZ (Urbano),1347065,1347,JUAN REY SUR,11,11001,1,5,USME,52,La Flora,0,0,11001000,1329,3,17,1100110000000013290317,174196,1098.808616,0.00131055
Resto UPZ (Urbano),1347067,1347,JUAN REY SUR,11,11001,1,5,USME,52,La Flora,0,0,11001000,1329,6,15,1100110000000013290615,174156,616.2848915,0.000920142
Resto UPZ (Urbano),1348021,1348,LA CABANA,11,11001,1,5,USME,52,La Flora,0,0,11001000,1329,1,24,1100110000000013290124,174360,5058.810434,0.002853364
Resto UPZ (Urbano),1348016,1348,LA CABANA,11,11001,1,5,USME,52,La Flora,0,0,11001000,1329,2,10,1100110000000013290210,174298,6297.170345,0.00289754
Resto UPZ (Urbano),1348020,1348,LA CABANA,11,11001,1,5,USME,52,La Flora,0,0,11001000,1329,1,23,1100110000000013290123,174370,2559.876976,0.001923062
Resto UPZ (Urbano),1348022,1348,LA CABANA,11,11001,1,5,USME,52,La Flora,0,0,11001000,1329,1,18,1100110000000013290118,174247,5021.138243,0.002579888
Resto UPZ (Urbano),1348024,1348,LA CABANA,11,11001,1,5,USME,52,La Flora,0,0,11001000,1329,2,9,1100110000000013290209,174310,6329.401227,0.002975372
Resto UPZ (Urbano),1348025,1348,LA CABANA,11,11001,1,5,USME,52,La Flora,0,0,11001000,1329,1,17,1100110000000013290117,174252,6416.015235,0.00296002
Resto UPZ (Urbano),1348023,1348,LA CABANA,11,11001,1,5,USME,52,La Flora,0,0,11001000,1329,1,33,1100110000000013290133,174235,8302.212774,0.005255829
Resto UPZ (Urbano),1348028,1348,LA CABANA,11,11001,1,5,USME,52,La Flora,0,0,11001000,1329,1,16,1100110000000013290116,174256,6728.00156,0.003782333
Resto UPZ (Urbano),1348029,1348,LA CABANA,11,11001,1,5,USME,52,La Flora,0,0,11001000,1329,1,15,1100110000000013290115,174237,2390.142211,0.002131012
Resto UPZ (Urbano),1348031,1348,LA CABANA,11,11001,1,5,USME,52,La Flora,0,0,11001000,1329,3,34,1100110000000013290334,174326,949.4942089,0.001125754
Resto UPZ (Urbano),1348032,1348,LA CABANA,11,11001,1,5,USME,52,La Flora,0,0,11001000,1329,3,12,1100110000000013290312,174267,6265.81158,0.003321577
Resto UPZ (Urbano),1347042,1347,JUAN REY SUR,11,11001,1,5,USME,52,La Flora,0,0,11001000,1329,3,39,1100110000000013290339,174209,1281.915336,0.001443713
Resto UPZ (Urbano),1347047,1347,JUAN REY SUR,11,11001,1,5,USME,52,La Flora,0,0,11001000,1329,3,31,1100110000000013290331,174215,1143.580664,0.001331672
Resto UPZ (Urbano),1347033,1347,JUAN REY SUR,11,11001,1,5,USME,52,La Flora,0,0,11001000,1329,1,26,1100110000000013290126,174201,1371.364063,0.001485992
Resto UPZ (Urbano),1347034,1347,JUAN REY SUR,11,11001,1,5,USME,52,La Flora,0,0,11001000,1329,1,10,1100110000000013290110,174172,2298.326186,0.001791648
Resto UPZ (Urbano),1347035,1347,JUAN REY SUR,11,11001,1,5,USME,52,La Flora,0,0,11001000,1329,1,7,1100110000000013290107,174149,2915.621154,0.00201497
Resto UPZ (Urbano),1347038,1347,JUAN REY SUR,11,11001,1,5,USME,52,La Flora,0,0,11001000,1329,1,8,1100110000000013290108,174144,1902.619181,0.001684533
Resto UPZ (Urbano),1347040,1347,JUAN REY SUR,11,11001,1,5,USME,52,La Flora,0,0,11001000,1329,6,8,1100110000000013290608,174170,407.014501,0.000794137
Resto UPZ (Urbano),1347041,1347,JUAN REY SUR,11,11001,1,5,USME,52,La Flora,0,0,11001000,1329,1,36,1100110000000013290136,174229,734.6134233,0.001334938
Resto UPZ (Urbano),1347043,1347,JUAN REY SUR,11,11001,1,5,USME,52,La Flora,0,0,11001000,1329,3,2,1100110000000013290302,174181,1504.651364,0.001454183
Resto UPZ (Urbano),1347044,1347,JUAN REY SUR,11,11001,1,5,USME,52,La Flora,0,0,11001000,1329,3,1,1100110000000013290301,174135,2985.174446,0.003064966
Resto UPZ (Urbano),1347048,1347,JUAN REY SUR,11,11001,1,5,USME,52,La Flora,0,0,11001000,1329,3,38,1100110000000013290338,174217,1696.657589,0.00150647
Resto UPZ (Urbano),1347017,1347,JUAN REY SUR,11,11001,1,5,USME,52,La Flora,0,0,11001000,1329,6,1,1100110000000013290601,174052,1907.988478,0.001889272
Resto UPZ (Urbano),1347018,1347,JUAN REY SUR,11,11001,1,5,USME,52,La Flora,0,0,11001000,1329,3,3,1100110000000013290303,174118,5737.427191,0.006151937
Resto UPZ (Urbano),1347022,1347,JUAN REY SUR,11,11001,1,5,USME,52,La Flora,0,0,11001000,1329,1,5,1100110000000013290105,174176,3749.310633,0.002628061
Resto UPZ (Urbano),1347019,1347,JUAN REY SUR,11,11001,1,5,USME,52,La Flora,0,0,11001000,1329,6,17,1100110000000013290617,174128,208.852891,0.00055105
Resto UPZ (Urbano),1347021,1347,JUAN REY SUR,11,11001,1,5,USME,52,La Flora,0,0,11001000,1329,1,37,1100110000000013290137,174194,3611.098049,0.002871551
Resto UPZ (Urbano),1348005,1348,LA CABANA,11,11001,1,5,USME,52,La Flora,0,0,11001000,1329,2,7,1100110000000013290207,174371,2640.370105,0.001949731
Resto UPZ (Urbano),1348002,1348,LA CABANA,11,11001,1,5,USME,52,La Flora,0,0,11001000,1329,3,40,1100110000000013290340,174260,2054.178009,0.002433872
Resto UPZ (Urbano),1348003,1348,LA CABANA,11,11001,1,5,USME,52,La Flora,0,0,11001000,1329,3,30,1100110000000013290330,174248,2478.312318,0.002045582
Resto UPZ (Urbano),1348008,1348,LA CABANA,11,11001,1,5,USME,52,La Flora,0,0,11001000,1329,2,6,1100110000000013290206,174376,3531.814582,0.002639839
Resto UPZ (Urbano),1348011,1348,LA CABANA,11,11001,1,5,USME,52,La Flora,0,0,11001000,1329,1,22,1100110000000013290122,174328,3388.027894,0.002176048
Resto UPZ (Urbano),1348012,1348,LA CABANA,11,11001,1,5,USME,52,La Flora,0,0,11001000,1329,1,21,1100110000000013290121,174291,4043.808798,0.002529544
Resto UPZ (Urbano),1348013,1348,LA CABANA,11,11001,1,5,USME,52,La Flora,0,0,11001000,1329,1,20,1100110000000013290120,174255,3023.602201,0.002305474
Resto UPZ (Urbano),1348014,1348,LA CABANA,11,11001,1,5,USME,52,La Flora,0,0,11001000,1329,1,19,1100110000000013290119,174241,2281.766625,0.002074898
Resto UPZ (Urbano),1347023,1347,JUAN REY SUR,11,11001,1,5,USME,52,La Flora,0,0,11001000,1329,1,30,1100110000000013290130,174150,2995.593928,0.002178829
Resto UPZ (Urbano),1347027,1347,JUAN REY SUR,11,11001,1,5,USME,52,La Flora,0,0,11001000,1329,1,6,1100110000000013290106,174148,2397.083451,0.001798834
Resto UPZ (Urbano),1347028,1347,JUAN REY SUR,11,11001,1,5,USME,52,La Flora,0,0,11001000,1329,1,11,1100110000000013290111,174171,1698.370768,0.00156857
Resto UPZ (Urbano),1347029,1347,JUAN REY SUR,11,11001,1,5,USME,52,La Flora,0,0,11001000,1329,1,25,1100110000000013290125,174198,981.5179582,0.001299375
Resto UPZ (Urbano),1347031,1347,JUAN REY SUR,11,11001,1,5,USME,52,La Flora,0,0,11001000,1329,1,34,1100110000000013290134,174205,5499.033256,0.003432024
Resto UPZ (Urbano),1347068,1347,JUAN REY SUR,11,11001,1,5,USME,52,La Flora,0,0,11001000,1329,6,6,1100110000000013290606,174131,3171.296221,0.002548514
Resto UPZ (Urbano),1347069,1347,JUAN REY SUR,11,11001,1,5,USME,52,La Flora,0,0,11001000,1329,6,5,1100110000000013290605,174078,5317.579607,0.004318253
Resto UPZ (Urbano),1347072,1347,JUAN REY SUR,11,11001,1,5,USME,52,La Flora,0,0,11001000,1329,6,4,1100110000000013290604,174112,490.1781925,0.001005642
Resto UPZ (Urbano),1347073,1347,JUAN REY SUR,11,11001,1,5,USME,52,La Flora,0,0,11001000,1329,6,14,1100110000000013290614,174133,827.7816639,0.001058987
Resto UPZ (Urbano),1347074,1347,JUAN REY SUR,11,11001,1,5,USME,52,La Flora,0,0,11001000,1329,6,11,1100110000000013290611,174153,2913.296783,0.002484471
Resto UPZ (Urbano),1347075,1347,JUAN REY SUR,11,11001,1,5,USME,52,La Flora,0,0,11001000,1329,3,36,1100110000000013290336,174191,2660.854014,0.003329286
Resto UPZ (Urbano),1347076,1347,JUAN REY SUR,11,11001,1,5,USME,52,La Flora,0,0,11001000,1329,6,16,1100110000000013290616,174169,373.3986297,0.000781759
Resto UPZ (Urbano),1347096,1347,JUAN REY SUR,11,11001,1,5,USME,52,La Flora,0,0,11001000,1329,6,9,1100110000000013290609,174193,6525.301839,0.003537007
Resto UPZ (Urbano),1347097,1347,JUAN REY SUR,11,11001,1,5,USME,52,La Flora,0,0,11001000,1329,3,9,1100110000000013290309,174218,2799.823555,0.002065978
Resto UPZ (Urbano),1347098,1347,JUAN REY SUR,11,11001,1,5,USME,52,La Flora,0,0,11001000,1329,3,10,1100110000000013290310,174233,1978.119114,0.002091855
Resto UPZ (Urbano),1347099,1347,JUAN REY SUR,11,11001,1,5,USME,52,La Flora,0,0,11001000,1329,1,35,1100110000000013290135,174204,1283.14223,0.001330551
Resto UPZ (Urbano),1348001,1348,LA CABANA,11,11001,1,5,USME,52,La Flora,0,0,11001000,1329,3,35,1100110000000013290335,174282,823.8652907,0.001125541
Resto UPZ (Urbano),1348034,1348,LA CABANA,11,11001,1,5,USME,52,La Flora,0,0,11001000,1329,2,14,1100110000000013290214,174335,1445.453867,0.001677112
Resto UPZ (Urbano),1348035,1348,LA CABANA,11,11001,1,5,USME,52,La Flora,0,0,11001000,1329,3,32,1100110000000013290332,174275,6026.494886,0.002837866
Resto UPZ (Urbano),1348039,1348,LA CABANA,11,11001,1,5,USME,52,La Flora,0,0,11001000,1329,3,11,1100110000000013290311,174239,3218.76454,0.00244379
Resto UPZ (Urbano),1348036,1348,LA CABANA,11,11001,1,5,USME,52,La Flora,0,0,11001000,1329,2,2,1100110000000013290202,174348,6117.454258,0.002863013
Resto UPZ (Urbano),1348037,1348,LA CABANA,11,11001,1,5,USME,52,La Flora,0,0,11001000,1329,3,15,1100110000000013290315,174287,6010.80611,0.002962788
Resto UPZ (Urbano),1345002,1345,DONA LILIANA,11,11001,1,5,USME,52,La Flora,0,0,11001000,1329,2,15,1100110000000013290215,174417,1203.415743,0.001344334
Resto UPZ (Urbano),1345006,1345,DONA LILIANA,11,11001,1,5,USME,52,La Flora,0,0,11001000,1329,2,38,1100110000000013290238,174407,1399.893825,0.001485407
Resto UPZ (Urbano),1345003,1345,DONA LILIANA,11,11001,1,5,USME,52,La Flora,0,0,11001000,1329,2,25,1100110000000013290225,174415,1250.546206,0.001375417
Resto UPZ (Urbano),1345004,1345,DONA LILIANA,11,11001,1,5,USME,52,La Flora,0,0,11001000,1329,2,37,1100110000000013290237,174412,1299.225692,0.001412239
Resto UPZ (Urbano),1345005,1345,DONA LILIANA,11,11001,1,5,USME,52,La Flora,0,0,11001000,1329,2,16,1100110000000013290216,174410,1339.509629,0.001442965
Resto UPZ (Urbano),1345015,1345,DONA LILIANA,11,11001,1,5,USME,52,La Flora,0,0,11001000,1329,4,38,1100110000000013290438,174584,1591.635337,0.001652326
Resto UPZ (Urbano),1345024,1345,DONA LILIANA,11,11001,1,5,USME,52,La Flora,0,0,11001000,1329,4,31,1100110000000013290431,174599,1726.538059,0.001733996
Resto UPZ (Urbano),1345021,1345,DONA LILIANA,11,11001,1,5,USME,52,La Flora,0,0,11001000,1329,4,32,1100110000000013290432,174595,1435.406012,0.001512967
Resto UPZ (Urbano),1345022,1345,DONA LILIANA,11,11001,1,5,USME,52,La Flora,0,0,11001000,1329,4,33,1100110000000013290433,174636,720.9655557,0.000974925
Resto UPZ (Urbano),1345023,1345,DONA LILIANA,11,11001,1,5,USME,52,La Flora,0,0,11001000,1329,4,34,1100110000000013290434,174635,1002.980627,0.001189865
Resto UPZ (Urbano),1345027,1345,DONA LILIANA,11,11001,1,5,USME,52,La Flora,0,0,11001000,1329,4,21,1100110000000013290421,174530,1295.321599,0.001479031
Resto UPZ (Urbano),1345029,1345,DONA LILIANA,11,11001,1,5,USME,52,La Flora,0,0,11001000,1329,4,7,1100110000000013290407,174607,1961.658837,0.001752394
Resto UPZ (Urbano),1345032,1345,DONA LILIANA,11,11001,1,5,USME,52,La Flora,0,0,11001000,1329,4,28,1100110000000013290428,174546,1028.424526,0.001187085
Resto UPZ (Urbano),1345033,1345,DONA LILIANA,11,11001,1,5,USME,52,La Flora,0,0,11001000,1329,4,6,1100110000000013290406,174579,1176.907664,0.001274597
Resto UPZ (Urbano),1345034,1345,DONA LILIANA,11,11001,1,5,USME,52,La Flora,0,0,11001000,1329,4,36,1100110000000013290436,174659,717.6157527,0.000973833
Resto UPZ (Urbano),1347039,1347,JUAN REY SUR,11,11001,1,5,USME,52,La Flora,0,0,11001000,1329,1,9,1100110000000013290109,174180,1302.844474,0.001309005
Resto UPZ (Urbano),1345007,1345,DONA LILIANA,11,11001,1,5,USME,52,La Flora,0,0,11001000,1329,2,18,1100110000000013290218,174404,1454.089834,0.00152715
Resto UPZ (Urbano),1345008,1345,DONA LILIANA,11,11001,1,5,USME,52,La Flora,0,0,11001000,1329,2,39,1100110000000013290239,174400,1561.434201,0.001590194
Resto UPZ (Urbano),1345014,1345,DONA LILIANA,11,11001,1,5,USME,52,La Flora,0,0,11001000,1329,4,13,1100110000000013290413,174524,1138.497866,0.001292062
Resto UPZ (Urbano),1345028,1345,DONA LILIANA,11,11001,1,5,USME,52,La Flora,0,0,11001000,1329,4,24,1100110000000013290424,174569,1478.91025,0.001486522
Resto UPZ (Urbano),1345035,1345,DONA LILIANA,11,11001,1,5,USME,52,La Flora,0,0,11001000,1329,4,37,1100110000000013290437,174611,1585.050337,0.001627329
Resto UPZ (Urbano),1347070,1347,JUAN REY SUR,11,11001,1,5,USME,52,La Flora,0,0,11001000,1329,6,3,1100110000000013290603,174083,1226.48097,0.001914169
Resto UPZ (Urbano),1345037,1345,DONA LILIANA,11,11001,1,5,USME,52,La Flora,0,0,11001000,1329,2,44,1100110000000013290244,174455,619.8839532,0.000900371
Resto UPZ (Urbano),1345038,1345,DONA LILIANA,11,11001,1,5,USME,52,La Flora,0,0,11001000,1329,2,43,1100110000000013290243,174451,511.0478833,0.000835901
Resto UPZ (Urbano),1345040,1345,DONA LILIANA,11,11001,1,5,USME,52,La Flora,0,0,11001000,1329,2,23,1100110000000013290223,174448,590.2136509,0.000962648
Resto UPZ (Urbano),1347071,1347,JUAN REY SUR,11,11001,1,5,USME,52,La Flora,0,0,11001000,1329,6,2,1100110000000013290602,174066,2840.709522,0.003114397
Resto UPZ (Urbano),1348038,1348,LA CABANA,11,11001,1,5,USME,52,La Flora,0,0,11001000,1329,2,47,1100110000000013290247,180358,5620.224377,0.00284624
Resto UPZ (Urbano),1345010,1345,DONA LILIANA,11,11001,1,5,USME,52,La Flora,0,0,11001000,1329,2,22,1100110000000013290222,174463,1535.021422,0.001611885
Resto UPZ (Urbano),1345011,1345,DONA LILIANA,11,11001,1,5,USME,52,La Flora,0,0,11001000,1329,2,45,1100110000000013290245,174458,1969.522529,0.001702027
Resto UPZ (Urbano),1345013,1345,DONA LILIANA,11,11001,1,5,USME,52,La Flora,0,0,11001000,1329,4,1,1100110000000013290401,174478,1210.381432,0.00135215
Resto UPZ (Urbano),1345020,1345,DONA LILIANA,11,11001,1,5,USME,52,La Flora,0,0,11001000,1329,4,10,1100110000000013290410,174572,2022.809483,0.0019634
Resto UPZ (Urbano),1345016,1345,DONA LILIANA,11,11001,1,5,USME,52,La Flora,0,0,11001000,1329,4,29,1100110000000013290429,174477,1527.991448,0.001492364
Resto UPZ (Urbano),1345017,1345,DONA LILIANA,11,11001,1,5,USME,52,La Flora,0,0,11001000,1329,4,2,1100110000000013290402,174480,1213.053928,0.001318912
Resto UPZ (Urbano),1345009,1345,DONA LILIANA,11,11001,1,5,USME,52,La Flora,0,0,11001000,1329,4,4,1100110000000013290404,174482,10316.03537,0.005389583
Resto UPZ (Urbano),1345030,1345,DONA LILIANA,11,11001,1,5,USME,52,La Flora,0,0,11001000,1329,4,35,1100110000000013290435,174654,1292.813955,0.001285388
Resto UPZ (Urbano),1345026,1345,DONA LILIANA,11,11001,1,5,USME,52,La Flora,0,0,11001000,1329,4,27,1100110000000013290427,174508,2211.44583,0.00226947
Resto UPZ (Urbano),1345039,1345,DONA LILIANA,11,11001,1,5,USME,52,La Flora,0,0,11001000,1329,2,42,1100110000000013290242,174450,442.7681342,0.000777535
Resto UPZ (Urbano),1345036,1345,DONA LILIANA,11,11001,1,5,USME,52,La Flora,0,0,11001000,1329,4,26,1100110000000013290426,174507,1875.057318,0.001818009
Resto UPZ (Urbano),1345019,1345,DONA LILIANA,11,11001,1,5,USME,52,La Flora,0,0,11001000,1329,4,30,1100110000000013290430,174534,1451.102343,0.001484854
Resto UPZ (Urbano),1345009,1345,DONA LILIANA,11,11001,1,5,USME,52,La Flora,0,0,11001000,1329,2,46,1100110000000013290246,174465,1717.719002,0.002769475
Resto UPZ (Urbano),1348038,1348,LA CABANA,11,11001,1,5,USME,52,La Flora,0,0,11001000,1329,2,1,1100110000000013290201,174309,1507.168761,0.001428079
Resto UPZ (Urbano),1348007,1348,LA CABANA,11,11001,1,5,USME,52,La Flora,0,0,11001000,1329,2,41,1100110000000013290241,174405,16516.64693,0.008656127
Resto UPZ (Urbano),1347009,1347,JUAN REY SUR,11,11001,1,4,SAN CRISTOBAL,52,La Flora,0,0,11001000,1325,1,12,1100110000000013250112,174050,7200.632289,0.003973884
Resto UPZ (Urbano),1347010,1347,JUAN REY SUR,11,11001,1,4,SAN CRISTOBAL,52,La Flora,0,0,11001000,1325,1,5,1100110000000013250105,174048,3694.733608,0.003024766
Resto UPZ (Urbano),1347011,1347,JUAN REY SUR,11,11001,1,4,SAN CRISTOBAL,52,La Flora,0,0,11001000,1325,1,17,1100110000000013250117,174046,6144.955864,0.003857395
Resto UPZ (Urbano),1347045,1347,JUAN REY SUR,11,11001,1,5,USME,52,La Flora,0,0,11001000,1325,1,9,1100110000000013250109,174099,2737.815575,0.002260907
Resto UPZ (Urbano),1347012,1347,JUAN REY SUR,11,11001,1,4,SAN CRISTOBAL,52,La Flora,0,0,11001000,1325,1,34,1100110000000013250134,174045,1900.844463,0.001839618
Resto UPZ (Urbano),1347037,1347,JUAN REY SUR,11,11001,1,5,USME,52,La Flora,0,0,11001000,1325,1,4,1100110000000013250104,174096,1577.60549,0.001676159
Resto UPZ (Urbano),1347004,1347,JUAN REY SUR,11,11001,1,5,USME,52,La Flora,0,0,11001000,1325,1,37,1100110000000013250137,174062,5098.196659,0.003432783
Resto UPZ (Urbano),1347036,1347,JUAN REY SUR,11,11001,1,5,USME,52,La Flora,0,0,11001000,1325,1,19,1100110000000013250119,174065,3566.009563,0.00255343
Resto UPZ (Urbano),1347005,1347,JUAN REY SUR,11,11001,1,5,USME,52,La Flora,0,0,11001000,1325,1,35,1100110000000013250135,174059,560.6080481,0.000921749
Resto UPZ (Urbano),1347026,1347,JUAN REY SUR,11,11001,1,5,USME,52,La Flora,0,0,11001000,1325,1,20,1100110000000013250120,174070,4082.981148,0.002555861
Resto UPZ (Urbano),1347025,1347,JUAN REY SUR,11,11001,1,5,USME,52,La Flora,0,0,11001000,1325,1,21,1100110000000013250121,174095,2414.189669,0.001982094
Resto UPZ (Urbano),1347015,1347,JUAN REY SUR,11,11001,1,5,USME,52,La Flora,0,0,11001000,1325,1,10,1100110000000013250110,174075,477.6299967,0.001171147
Resto UPZ (Urbano),1347024,1347,JUAN REY SUR,11,11001,1,5,USME,52,La Flora,0,0,11001000,1325,1,22,1100110000000013250122,174113,2157.606549,0.001797922
Resto UPZ (Urbano),1347016,1347,JUAN REY SUR,11,11001,1,5,USME,52,La Flora,0,0,11001000,1325,1,27,1100110000000013250127,174060,1824.795216,0.001745515
Resto UPZ (Urbano),1347002,1347,JUAN REY SUR,11,11001,1,5,USME,52,La Flora,0,0,11001000,1325,1,24,1100110000000013250124,174072,2328.570772,0.001871595
Resto UPZ (Urbano),1347001,1347,JUAN REY SUR,11,11001,1,5,USME,52,La Flora,0,0,11001000,1325,1,28,1100110000000013250128,174080,2034.629961,0.002318713
Resto UPZ (Urbano),1347003,1347,JUAN REY SUR,11,11001,1,5,USME,52,La Flora,0,0,11001000,1325,1,29,1100110000000013250129,174085,646.9298438,0.001064754
Resto UPZ (Urbano),1349025,102312,CIUDAD LONDRES RURAL,11,11001,1,5,USME,52,La Flora,0,0,11001000,1325,1,38,1100110000000013250138,174011,18498.63737,0.005642455
Las Violetas,101307000,101307,TIHUAQUE RURAL,11,11001,1,5,USME,52,La Flora,0,0,11001000,1328,10,4,1100110000000013281004,176954,134551.7583,0.018448575
